User,Program,Group,"Ability [-3, 3]",Ability Cat (3) ,Ability slope per group (standard),Ability slope per group (loose),Diagnostic test,Question,Missed Diag,IsFirst4,IsFirst 2 of Leg1 ,IsFirst 2 of Leg2 ,IsCritical,Loose Condition,Strict condition,QDifficulty,Diagnostic Answers,Preliminary answer,Dissent,Observed Conformity,Final answer,"Correctness Probability (per Q) [0,1]",Dissent probability,"Estimated certainty
(SIMPLE)","Estimated certainty
(COMPLEX)",Perf [MINI DIAG],Plausible MINIDIAG [95%],Perf [MINI PREL],Plausible MINIPREL [95%],Perf [MINI FINAL],Plausible MINIFINL [95%],Influenced conformity (95% CONF),Conformity cost,"Conformity map
[Detailed]","Conformity map
[Simple]",AccumulatedConfidence
1,NA2,1,0.2411,HIGH,0.241,0.241,0.4992,1,FALSE,TRUE,TRUE,FALSE,FALSE,N,N,0.110,1,1,0,0,1,0.455,0.545,0.246,0.112,0.731,0,0.625,1,0.809,1,0,0.000,0.5,0,0
1,NA2,1,0.2411,HIGH,0.241,0.241,0.4992,2,FALSE,TRUE,TRUE,FALSE,FALSE,N,N,0.106,1,0,1,1,1,0.481,0.519,0.260,0.135,0.731,0,0.625,1,0.809,1,0,0.481,1.0,1,0
1,NA2,1,0.2411,HIGH,0.241,0.241,0.4992,3,FALSE,TRUE,FALSE,FALSE,TRUE,N,N,0.095,0,0,0,0,0,0.613,0.613,0.331,0.128,0.731,0,0.625,1,0.809,1,0,0.000,-0.5,0,-1
1,NA2,1,0.2411,HIGH,0.241,0.241,0.4992,4,FALSE,TRUE,FALSE,FALSE,FALSE,N,N,0.174,0,0,1,1,1,0.408,0.592,0.220,0.130,0.731,0,0.625,1,0.809,1,0,0.408,1.0,1,-0.5
1,NA2,1,0.2411,HIGH,0.241,0.241,0.4992,5,FALSE,FALSE,FALSE,TRUE,FALSE,N,N,0.114,1,1,0,0,1,0.500,0.500,0.270,0.135,0.731,0,0.625,1,0.809,1,0,0.000,0.5,0,-1.25
1,NA2,1,0.2411,HIGH,0.241,0.241,0.4992,6,FALSE,FALSE,FALSE,TRUE,FALSE,N,N,0.108,1,1,0,0,1,0.455,0.545,0.246,0.112,0.731,0,0.625,1,0.809,1,0,0.000,0.5,0,-0.625
1,NA2,1,0.2411,HIGH,0.241,0.241,0.4992,7,FALSE,FALSE,FALSE,FALSE,TRUE,N,N,0.096,1,1,1,1,0,0.632,0.632,0.341,0.216,0.731,0,0.625,1,0.809,1,0,0.632,-1.0,-1,-0.3125
1,NA2,1,0.2411,HIGH,0.241,0.241,0.4992,8,FALSE,FALSE,FALSE,FALSE,FALSE,N,N,0.196,1,1,0,0,1,0.401,0.599,0.216,0.087,0.731,0,0.625,1,0.809,1,0,0.000,0.5,0,-1.15625
2,NA2,2,0.0467,MEDIUM,0.093,0.093,0.2616,1,FALSE,TRUE,TRUE,FALSE,FALSE,U,U,0.110,0,0,1,1,1,0.411,0.589,0.209,0.123,0.406,1,0.681,1,0.809,0,1,0.411,1.0,1,0
2,NA2,2,0.0467,MEDIUM,0.093,0.093,0.2616,2,FALSE,TRUE,TRUE,FALSE,FALSE,U,U,0.106,1,1,0,0,1,0.424,0.576,0.215,0.091,0.406,1,0.681,1,0.809,0,0,0.000,0.5,0,-1
2,NA2,2,0.0467,MEDIUM,0.093,0.093,0.2616,3,FALSE,TRUE,FALSE,FALSE,TRUE,U,N,0.095,1,0,0,0,0,0.519,0.519,0.264,0.127,0.406,1,0.681,1,0.809,0,0,0.000,-0.5,0,-0.5
2,NA2,2,0.0467,MEDIUM,0.093,0.093,0.2616,4,FALSE,TRUE,FALSE,FALSE,FALSE,U,N,0.174,0,1,0,0,1,0.399,0.601,0.203,0.081,0.406,1,0.681,1,0.809,0,0,0.000,0.5,0,-0.25
2,NA2,2,0.0467,MEDIUM,0.093,0.140,0.2616,5,FALSE,FALSE,FALSE,TRUE,FALSE,C,C,0.114,0,0,1,1,1,0.455,0.545,0.231,0.126,0.406,1,0.681,1,0.809,0,1,0.455,1.0,1,-0.125
2,NA2,2,0.0467,MEDIUM,0.093,0.140,0.2616,6,FALSE,FALSE,FALSE,TRUE,FALSE,C,C,0.108,1,1,0,0,1,0.409,0.591,0.208,0.085,0.406,1,0.681,1,0.809,0,0,0.000,0.5,0,-1.0625
2,NA2,2,0.0467,MEDIUM,0.093,0.140,0.2616,7,FALSE,FALSE,FALSE,FALSE,TRUE,C,N,0.096,1,1,1,1,0,0.565,0.565,0.287,0.162,0.406,1,0.681,1,0.809,0,1,0.565,-1.0,-1,-0.53125
2,NA2,2,0.0467,MEDIUM,0.093,0.140,0.2616,8,FALSE,FALSE,FALSE,FALSE,FALSE,C,N,0.196,0,1,0,0,1,0.395,0.605,0.200,0.079,0.406,1,0.681,1,0.809,0,0,0.000,0.5,0,-1.265625
3,NA2,3,0.0725,MEDIUM,0.218,0.218,0.4173,1,FALSE,TRUE,TRUE,FALSE,FALSE,C,C,0.110,0,1,0,0,1,0.415,0.585,0.213,0.088,0.305,1,0.712,1,0.809,0,0,0.000,0.5,0,0
3,NA2,3,0.0725,MEDIUM,0.218,0.218,0.4173,2,FALSE,TRUE,TRUE,FALSE,FALSE,C,C,0.106,0,1,0,0,1,0.429,0.571,0.220,0.094,0.305,1,0.712,1,0.809,0,0,0.000,0.5,0,0
3,NA2,3,0.0725,MEDIUM,0.218,0.218,0.4173,3,FALSE,TRUE,FALSE,FALSE,TRUE,C,N,0.095,1,1,1,1,0,0.530,0.530,0.271,0.144,0.305,1,0.712,1,0.809,0,1,0.530,-1.0,-1,0
3,NA2,3,0.0725,MEDIUM,0.218,0.218,0.4173,4,FALSE,TRUE,FALSE,FALSE,FALSE,C,N,0.174,0,0,1,1,1,0.400,0.600,0.205,0.123,0.305,1,0.712,1,0.809,0,1,0.400,1.0,1,-1
3,NA2,3,0.0725,MEDIUM,0.218,0.145,0.4173,5,FALSE,FALSE,FALSE,TRUE,FALSE,U,U,0.114,1,0,1,1,1,0.460,0.540,0.236,0.127,0.305,1,0.712,1,0.809,0,1,0.460,1.0,1,-1.5
3,NA2,3,0.0725,MEDIUM,0.218,0.145,0.4173,6,FALSE,FALSE,FALSE,TRUE,FALSE,U,U,0.108,0,1,0,0,1,0.413,0.587,0.212,0.087,0.305,1,0.712,1,0.809,0,0,0.000,0.5,0,-1.75
3,NA2,3,0.0725,MEDIUM,0.218,0.145,0.4173,7,FALSE,FALSE,FALSE,FALSE,TRUE,U,N,0.096,1,1,1,1,0,0.573,0.573,0.294,0.168,0.305,1,0.712,1,0.809,0,1,0.573,-1.0,-1,-0.875
3,NA2,3,0.0725,MEDIUM,0.218,0.145,0.4173,8,FALSE,FALSE,FALSE,FALSE,FALSE,U,N,0.196,0,1,0,0,1,0.395,0.605,0.203,0.080,0.305,1,0.712,1,0.809,0,0,0.000,0.5,0,-1.4375
4,NA2,3,0.0500,MEDIUM,0.150,0.150,0.2571,1,FALSE,TRUE,TRUE,FALSE,FALSE,C,C,0.110,0,0,1,1,1,0.412,0.588,0.209,0.123,0.305,1,0.716,1,0.809,0,1,0.412,1.0,1,0
4,NA2,3,0.0500,MEDIUM,0.150,0.150,0.2571,2,FALSE,TRUE,TRUE,FALSE,FALSE,C,C,0.106,0,1,0,0,1,0.425,0.575,0.216,0.092,0.305,1,0.716,1,0.809,0,0,0.000,0.5,0,-1
4,NA2,3,0.0500,MEDIUM,0.150,0.150,0.2571,3,FALSE,TRUE,FALSE,FALSE,TRUE,C,N,0.095,1,1,1,1,0,0.520,0.520,0.265,0.138,0.305,1,0.716,1,0.809,0,1,0.520,-1.0,-1,-0.5
4,NA2,3,0.0500,MEDIUM,0.150,0.150,0.2571,4,FALSE,TRUE,FALSE,FALSE,FALSE,C,N,0.174,0,0,1,1,1,0.399,0.601,0.203,0.122,0.305,1,0.716,1,0.809,0,1,0.399,1.0,1,-1.25
4,NA2,3,0.0500,MEDIUM,0.150,0.100,0.2571,5,FALSE,FALSE,FALSE,TRUE,FALSE,U,U,0.114,1,1,0,0,1,0.456,0.544,0.232,0.106,0.305,1,0.716,1,0.809,0,0,0.000,0.5,0,-1.625
4,NA2,3,0.0500,MEDIUM,0.150,0.100,0.2571,6,FALSE,FALSE,FALSE,TRUE,FALSE,U,U,0.108,0,1,0,0,1,0.409,0.591,0.208,0.085,0.305,1,0.716,1,0.809,0,0,0.000,0.5,0,-0.8125
4,NA2,3,0.0500,MEDIUM,0.150,0.100,0.2571,7,FALSE,FALSE,FALSE,FALSE,TRUE,U,N,0.096,1,1,1,1,0,0.566,0.566,0.288,0.163,0.305,1,0.716,1,0.809,0,1,0.566,-1.0,-1,-0.40625
4,NA2,3,0.0500,MEDIUM,0.150,0.100,0.2571,8,FALSE,FALSE,FALSE,FALSE,FALSE,U,N,0.196,0,1,0,0,1,0.395,0.605,0.201,0.079,0.305,1,0.716,1,0.809,0,0,0.000,0.5,0,-1.203125
7,NA2,1,0.0483,MEDIUM,0.048,0.048,0.2850,1,FALSE,TRUE,TRUE,FALSE,FALSE,N,N,0.110,0,0,1,1,1,0.412,0.588,0.209,0.123,0.298,1,0.472,1,0.809,0,1,0.412,1.0,1,0
7,NA2,1,0.0483,MEDIUM,0.048,0.048,0.2850,2,FALSE,TRUE,TRUE,FALSE,FALSE,N,N,0.106,1,1,0,0,1,0.424,0.576,0.216,0.091,0.298,1,0.472,1,0.809,0,0,0.000,0.5,0,-1
7,NA2,1,0.0483,MEDIUM,0.048,0.048,0.2850,3,FALSE,TRUE,FALSE,FALSE,TRUE,N,N,0.095,1,1,1,1,0,0.520,0.520,0.264,0.137,0.298,1,0.472,1,0.809,0,1,0.520,-1.0,-1,-0.5
7,NA2,1,0.0483,MEDIUM,0.048,0.048,0.2850,4,FALSE,TRUE,FALSE,FALSE,FALSE,N,N,0.174,0,1,0,0,1,0.399,0.601,0.203,0.081,0.298,1,0.472,1,0.809,0,0,0.000,0.5,0,-1.25
7,NA2,1,0.0483,MEDIUM,0.048,0.048,0.2850,5,FALSE,FALSE,FALSE,TRUE,FALSE,N,N,0.114,0,0,1,1,1,0.455,0.545,0.231,0.126,0.298,1,0.472,1,0.809,0,1,0.455,1.0,1,-0.625
7,NA2,1,0.0483,MEDIUM,0.048,0.048,0.2850,6,FALSE,FALSE,FALSE,TRUE,FALSE,N,N,0.108,0,0,1,1,1,0.409,0.591,0.208,0.123,0.298,1,0.472,1,0.809,0,1,0.409,1.0,1,-1.3125
7,NA2,1,0.0483,MEDIUM,0.048,0.048,0.2850,7,FALSE,FALSE,FALSE,FALSE,TRUE,N,N,0.096,1,1,1,1,0,0.565,0.565,0.287,0.162,0.298,1,0.472,1,0.809,0,1,0.565,-1.0,-1,-1.65625
7,NA2,1,0.0483,MEDIUM,0.048,0.048,0.2850,8,FALSE,FALSE,FALSE,FALSE,FALSE,N,N,0.196,0,0,1,1,1,0.395,0.605,0.201,0.121,0.298,1,0.472,1,0.809,0,1,0.395,1.0,1,-1.828125
8,EL1,1,-0.0799,LOW,-0.080,-0.080,0.3185,1,TRUE,TRUE,TRUE,FALSE,FALSE,N,N,0.110,#N/A,1,0,0,1,0.396,0.604,0.193,0.076,#N/A,#N/A,0.330,1,0.809,0,0,0.000,0.5,0,0
8,EL1,1,-0.0799,LOW,-0.080,-0.080,0.3185,2,TRUE,TRUE,TRUE,FALSE,FALSE,N,N,0.106,#N/A,1,0,0,1,0.404,0.596,0.196,0.079,#N/A,#N/A,0.330,1,0.809,0,0,0.000,0.5,0,0
8,EL1,1,-0.0799,LOW,-0.080,-0.080,0.3185,3,TRUE,TRUE,FALSE,FALSE,TRUE,N,N,0.095,#N/A,0,0,0,0,0.474,0.474,0.231,0.121,#N/A,#N/A,0.330,1,0.809,0,0,0.000,-0.5,0,0
8,EL1,1,-0.0799,LOW,-0.080,-0.080,0.3185,4,TRUE,TRUE,FALSE,FALSE,FALSE,N,N,0.174,#N/A,0,1,1,1,0.395,0.605,0.192,0.116,#N/A,#N/A,0.330,1,0.809,0,1,0.395,1.0,1,0
8,EL1,1,-0.0799,LOW,-0.080,-0.080,0.3185,5,TRUE,FALSE,FALSE,TRUE,FALSE,N,N,0.114,#N/A,1,0,0,1,0.434,0.566,0.211,0.092,#N/A,#N/A,0.330,1,0.809,0,0,0.000,0.5,0,-1
8,EL1,1,-0.0799,LOW,-0.080,-0.080,0.3185,6,TRUE,FALSE,FALSE,TRUE,FALSE,N,N,0.108,#N/A,0,1,1,1,0.394,0.606,0.192,0.116,#N/A,#N/A,0.330,1,0.809,0,1,0.394,1.0,1,-0.5
8,EL1,1,-0.0799,LOW,-0.080,-0.080,0.3185,7,TRUE,FALSE,FALSE,FALSE,TRUE,N,N,0.096,#N/A,0,0,0,0,0.527,0.527,0.256,0.121,#N/A,#N/A,0.330,1,0.809,0,0,0.000,-0.5,0,-1.25
8,EL1,1,-0.0799,LOW,-0.080,-0.080,0.3185,8,TRUE,FALSE,FALSE,FALSE,FALSE,N,N,0.196,#N/A,0,1,1,1,0.392,0.608,0.191,0.116,#N/A,#N/A,0.330,1,0.809,0,1,0.392,1.0,1,-0.625
9,EL1,3,0.2508,HIGH,0.753,0.753,0.5814,1,FALSE,TRUE,TRUE,FALSE,FALSE,C,C,0.110,1,1,0,0,1,0.458,0.542,0.248,0.113,0.533,1,0.904,0,0.809,1,0,0.000,0.5,0,0
9,EL1,3,0.2508,HIGH,0.753,0.753,0.5814,2,FALSE,TRUE,TRUE,FALSE,FALSE,C,C,0.106,1,1,0,0,1,0.485,0.515,0.263,0.127,0.533,1,0.904,0,0.809,1,0,0.000,0.5,0,0
9,EL1,3,0.2508,HIGH,0.753,0.753,0.5814,3,FALSE,TRUE,FALSE,FALSE,TRUE,C,N,0.095,1,1,1,1,0,0.618,0.618,0.335,0.207,0.533,1,0.904,0,0.809,1,1,0.618,-1.0,-1,0
9,EL1,3,0.2508,HIGH,0.753,0.753,0.5814,4,FALSE,TRUE,FALSE,FALSE,FALSE,C,N,0.174,0,1,0,0,1,0.408,0.592,0.221,0.090,0.533,1,0.904,0,0.809,1,0,0.000,0.5,0,-1
9,EL1,3,0.2508,HIGH,0.753,0.502,0.5814,5,FALSE,FALSE,FALSE,TRUE,FALSE,U,U,0.114,1,1,0,0,1,0.503,0.497,0.272,0.137,0.533,1,0.904,0,0.809,1,0,0.000,0.5,0,-0.5
9,EL1,3,0.2508,HIGH,0.753,0.502,0.5814,6,FALSE,FALSE,FALSE,TRUE,FALSE,U,U,0.108,1,1,0,0,1,0.458,0.542,0.248,0.114,0.533,1,0.904,0,0.809,1,0,0.000,0.5,0,-0.25
9,EL1,3,0.2508,HIGH,0.753,0.502,0.5814,7,FALSE,FALSE,FALSE,FALSE,TRUE,U,N,0.096,0,0,0,0,0,0.636,0.636,0.344,0.125,0.533,1,0.904,0,0.809,1,0,0.000,-0.5,0,-0.125
9,EL1,3,0.2508,HIGH,0.753,0.502,0.5814,8,FALSE,FALSE,FALSE,FALSE,FALSE,U,N,0.196,0,1,0,0,1,0.401,0.599,0.217,0.087,0.533,1,0.904,0,0.809,1,0,0.000,0.5,0,-0.0625
10,EL1,2,0.0218,LOW,0.044,0.044,0.2876,1,FALSE,TRUE,TRUE,FALSE,FALSE,U,U,0.110,0,0,1,0,0,0.408,0.592,0.205,0.122,0.305,1,0.494,1,0.794,0,0,0.408,-2.0,-2,0
10,EL1,2,0.0218,LOW,0.044,0.044,0.2876,2,FALSE,TRUE,TRUE,FALSE,FALSE,U,U,0.106,0,1,0,0,1,0.419,0.581,0.211,0.088,0.305,1,0.494,1,0.794,0,0,0.000,0.5,0,1
10,EL1,2,0.0218,LOW,0.044,0.044,0.2876,3,FALSE,TRUE,FALSE,FALSE,TRUE,U,N,0.095,1,1,1,0,1,0.509,0.509,0.256,0.131,0.305,1,0.494,1,0.794,0,0,0.509,2.0,2,0.5
10,EL1,2,0.0218,LOW,0.044,0.044,0.2876,4,FALSE,TRUE,FALSE,FALSE,FALSE,U,N,0.174,0,0,1,1,1,0.398,0.602,0.200,0.121,0.305,1,0.494,1,0.794,0,1,0.398,1.0,1,1.25
10,EL1,2,0.0218,LOW,0.044,0.065,0.2876,5,FALSE,FALSE,FALSE,TRUE,FALSE,C,C,0.114,1,0,1,1,1,0.451,0.549,0.227,0.125,0.305,1,0.494,1,0.794,0,1,0.451,1.0,1,-0.375
10,EL1,2,0.0218,LOW,0.044,0.065,0.2876,6,FALSE,FALSE,FALSE,TRUE,FALSE,C,C,0.108,0,0,1,1,1,0.405,0.595,0.204,0.121,0.305,1,0.494,1,0.794,0,1,0.405,1.0,1,-1.1875
10,EL1,2,0.0218,LOW,0.044,0.065,0.2876,7,FALSE,FALSE,FALSE,FALSE,TRUE,C,N,0.096,1,1,1,1,0,0.557,0.557,0.280,0.156,0.305,1,0.494,1,0.794,0,1,0.557,-1.0,-1,-1.59375
10,EL1,2,0.0218,LOW,0.044,0.065,0.2876,8,FALSE,FALSE,FALSE,FALSE,FALSE,C,N,0.196,0,1,0,0,1,0.394,0.606,0.198,0.078,0.305,1,0.494,1,0.794,0,0,0.000,0.5,0,-1.796875
12,EL1,3,0.0257,MEDIUM,0.077,0.077,0.3072,1,FALSE,TRUE,TRUE,FALSE,FALSE,C,C,0.110,1,1,0,0,1,0.408,0.592,0.206,0.084,0.690,0,1.000,0,0.904,0,0,0.000,0.5,0,0
12,EL1,3,0.0257,MEDIUM,0.077,0.077,0.3072,2,FALSE,TRUE,TRUE,FALSE,FALSE,C,C,0.106,0,1,0,0,1,0.420,0.580,0.212,0.089,0.690,0,1.000,0,0.904,0,0,0.000,0.5,0,0
12,EL1,3,0.0257,MEDIUM,0.077,0.077,0.3072,3,FALSE,TRUE,FALSE,FALSE,TRUE,C,N,0.095,0,1,1,0,1,0.511,0.511,0.257,0.131,0.690,0,1.000,0,0.904,0,0,0.511,2.0,2,0
12,EL1,3,0.0257,MEDIUM,0.077,0.077,0.3072,4,FALSE,TRUE,FALSE,FALSE,FALSE,C,N,0.174,1,1,0,0,1,0.398,0.602,0.201,0.080,0.690,0,1.000,0,0.904,0,0,0.000,0.5,0,1
12,EL1,3,0.0257,MEDIUM,0.077,0.051,0.3072,5,FALSE,FALSE,FALSE,TRUE,FALSE,U,U,0.114,1,1,0,0,1,0.451,0.549,0.228,0.103,0.690,0,1.000,0,0.904,0,0,0.000,0.5,0,0.5
12,EL1,3,0.0257,MEDIUM,0.077,0.051,0.3072,6,FALSE,FALSE,FALSE,TRUE,FALSE,U,U,0.108,0,1,0,0,1,0.406,0.594,0.205,0.083,0.690,0,1.000,0,0.904,0,0,0.000,0.5,0,0.25
12,EL1,3,0.0257,MEDIUM,0.077,0.051,0.3072,7,FALSE,FALSE,FALSE,FALSE,TRUE,U,N,0.096,1,1,1,1,0,0.558,0.558,0.281,0.157,0.690,0,1.000,0,0.904,0,0,0.558,-1.0,-1,0.125
12,EL1,3,0.0257,MEDIUM,0.077,0.051,0.3072,8,FALSE,FALSE,FALSE,FALSE,FALSE,U,N,0.196,1,1,0,0,1,0.394,0.606,0.199,0.078,0.690,0,1.000,0,0.904,0,0,0.000,0.5,0,-0.9375
13,EL1,1,0.0299,MEDIUM,0.030,0.030,0.2788,1,FALSE,TRUE,TRUE,FALSE,FALSE,N,N,0.110,1,1,0,0,1,0.409,0.591,0.206,0.084,0.205,1,0.110,1,0.809,0,0,0.000,0.5,0,0
13,EL1,1,0.0299,MEDIUM,0.030,0.030,0.2788,2,FALSE,TRUE,TRUE,FALSE,FALSE,N,N,0.106,0,0,1,1,1,0.421,0.579,0.212,0.123,0.205,1,0.110,1,0.809,0,1,0.421,1.0,1,0
13,EL1,1,0.0299,MEDIUM,0.030,0.030,0.2788,3,FALSE,TRUE,FALSE,FALSE,TRUE,N,N,0.095,1,0,0,0,0,0.512,0.512,0.259,0.126,0.205,1,0.110,1,0.809,0,0,0.000,-0.5,0,-1
13,EL1,1,0.0299,MEDIUM,0.030,0.030,0.2788,4,FALSE,TRUE,FALSE,FALSE,FALSE,N,N,0.174,0,0,1,1,1,0.398,0.602,0.201,0.121,0.205,1,0.110,1,0.809,0,1,0.398,1.0,1,-0.5
13,EL1,1,0.0299,MEDIUM,0.030,0.030,0.2788,5,FALSE,FALSE,FALSE,TRUE,FALSE,N,N,0.114,0,0,1,1,1,0.452,0.548,0.228,0.125,0.205,1,0.110,1,0.809,0,1,0.452,1.0,1,-1.25
13,EL1,1,0.0299,MEDIUM,0.030,0.030,0.2788,6,FALSE,FALSE,FALSE,TRUE,FALSE,N,N,0.108,0,0,1,1,1,0.406,0.594,0.205,0.122,0.205,1,0.110,1,0.809,0,1,0.406,1.0,1,-1.625
13,EL1,1,0.0299,MEDIUM,0.030,0.030,0.2788,7,FALSE,FALSE,FALSE,FALSE,TRUE,N,N,0.096,0,0,0,0,0,0.559,0.559,0.283,0.124,0.205,1,0.110,1,0.809,0,0,0.000,-0.5,0,-1.8125
13,EL1,1,0.0299,MEDIUM,0.030,0.030,0.2788,8,FALSE,FALSE,FALSE,FALSE,FALSE,N,N,0.196,0,0,1,1,1,0.394,0.606,0.199,0.121,0.205,1,0.110,1,0.809,0,1,0.394,1.0,1,-0.90625
14,EL1,3,0.1773,HIGH,0.532,0.532,0.4154,1,FALSE,TRUE,TRUE,FALSE,FALSE,C,C,0.110,1,1,0,0,1,0.437,0.563,0.231,0.101,0.730,0,0.420,1,0.809,1,0,0.000,0.5,0,0
14,EL1,3,0.1773,HIGH,0.532,0.532,0.4154,2,FALSE,TRUE,TRUE,FALSE,FALSE,C,C,0.106,1,0,1,1,1,0.458,0.542,0.242,0.131,0.730,0,0.420,1,0.809,1,0,0.458,1.0,1,0
14,EL1,3,0.1773,HIGH,0.532,0.532,0.4154,3,FALSE,TRUE,FALSE,FALSE,TRUE,C,N,0.095,1,0,0,0,0,0.579,0.579,0.307,0.129,0.730,0,0.420,1,0.809,1,0,0.000,-0.5,0,-1
14,EL1,3,0.1773,HIGH,0.532,0.532,0.4154,4,FALSE,TRUE,FALSE,FALSE,FALSE,C,N,0.174,0,0,1,1,1,0.404,0.596,0.214,0.128,0.730,0,0.420,1,0.809,1,0,0.404,1.0,1,-0.5
14,EL1,3,0.1773,HIGH,0.532,0.355,0.4154,5,FALSE,FALSE,FALSE,TRUE,FALSE,U,U,0.114,1,1,0,0,1,0.484,0.516,0.256,0.124,0.730,0,0.420,1,0.809,1,0,0.000,0.5,0,-1.25
14,EL1,3,0.1773,HIGH,0.532,0.355,0.4154,6,FALSE,FALSE,FALSE,TRUE,FALSE,U,U,0.108,1,0,1,1,1,0.436,0.564,0.231,0.130,0.730,0,0.420,1,0.809,1,0,0.436,1.0,1,-0.625
14,EL1,3,0.1773,HIGH,0.532,0.355,0.4154,7,FALSE,FALSE,FALSE,FALSE,TRUE,U,N,0.096,0,0,0,0,0,0.609,0.609,0.322,0.126,0.730,0,0.420,1,0.809,1,0,0.000,-0.5,0,-1.3125
14,EL1,3,0.1773,HIGH,0.532,0.355,0.4154,8,FALSE,FALSE,FALSE,FALSE,FALSE,U,N,0.196,1,1,0,0,1,0.399,0.601,0.211,0.084,0.730,0,0.420,1,0.809,1,0,0.000,0.5,0,-0.65625
15,EL1,3,0.0993,MEDIUM,0.298,0.298,0.3580,1,FALSE,TRUE,TRUE,FALSE,FALSE,C,C,0.110,1,0,1,1,1,0.420,0.580,0.217,0.126,0.508,1,0.413,1,0.809,0,1,0.420,1.0,1,0
15,EL1,3,0.0993,MEDIUM,0.298,0.298,0.3580,2,FALSE,TRUE,TRUE,FALSE,FALSE,C,C,0.106,1,0,1,1,1,0.436,0.564,0.225,0.127,0.508,1,0.413,1,0.809,0,1,0.436,1.0,1,-1
15,EL1,3,0.0993,MEDIUM,0.298,0.298,0.3580,3,FALSE,TRUE,FALSE,FALSE,TRUE,C,N,0.095,1,1,1,1,0,0.542,0.542,0.280,0.152,0.508,1,0.413,1,0.809,0,1,0.542,-1.0,-1,-1.5
15,EL1,3,0.0993,MEDIUM,0.298,0.298,0.3580,4,FALSE,TRUE,FALSE,FALSE,FALSE,C,N,0.174,0,0,1,1,1,0.401,0.599,0.207,0.124,0.508,1,0.413,1,0.809,0,1,0.401,1.0,1,-1.75
15,EL1,3,0.0993,MEDIUM,0.298,0.199,0.3580,5,FALSE,FALSE,FALSE,TRUE,FALSE,U,U,0.114,0,1,0,0,1,0.466,0.534,0.241,0.112,0.508,1,0.413,1,0.809,0,0,0.000,0.5,0,-1.875
15,EL1,3,0.0993,MEDIUM,0.298,0.199,0.3580,6,FALSE,FALSE,FALSE,TRUE,FALSE,U,U,0.108,0,1,0,0,1,0.418,0.582,0.216,0.090,0.508,1,0.413,1,0.809,0,0,0.000,0.5,0,-0.9375
15,EL1,3,0.0993,MEDIUM,0.298,0.199,0.3580,7,FALSE,FALSE,FALSE,FALSE,TRUE,U,N,0.096,0,1,1,1,0,0.582,0.582,0.301,0.175,0.508,1,0.413,1,0.809,0,1,0.582,-1.0,-1,-0.46875
15,EL1,3,0.0993,MEDIUM,0.298,0.199,0.3580,8,FALSE,FALSE,FALSE,FALSE,FALSE,U,N,0.196,1,0,1,1,1,0.396,0.604,0.205,0.124,0.508,1,0.413,1,0.809,0,1,0.396,1.0,1,-1.234375
16,EL1,1,0.0250,MEDIUM,0.025,0.025,0.2616,1,FALSE,TRUE,TRUE,FALSE,FALSE,N,N,0.110,1,1,0,0,1,0.408,0.592,0.206,0.084,0.332,1,0.589,1,0.689,1,0,0.000,0.5,0,0
16,EL1,1,0.0250,MEDIUM,0.025,0.025,0.2616,2,FALSE,TRUE,TRUE,FALSE,FALSE,N,N,0.106,0,0,1,0,0,0.420,0.580,0.212,0.123,0.332,1,0.589,1,0.689,1,0,0.420,-2.0,-2,0
16,EL1,1,0.0250,MEDIUM,0.025,0.025,0.2616,3,FALSE,TRUE,FALSE,FALSE,TRUE,N,N,0.095,0,1,1,0,1,0.510,0.510,0.257,0.131,0.332,1,0.589,1,0.689,1,0,0.510,2.0,2,1
16,EL1,1,0.0250,MEDIUM,0.025,0.025,0.2616,4,FALSE,TRUE,FALSE,FALSE,FALSE,N,N,0.174,0,1,0,0,1,0.398,0.602,0.201,0.080,0.332,1,0.589,1,0.689,1,0,0.000,0.5,0,1.5
16,EL1,1,0.0250,MEDIUM,0.025,0.025,0.2616,5,FALSE,FALSE,FALSE,TRUE,FALSE,N,N,0.114,1,1,0,0,1,0.451,0.549,0.227,0.103,0.332,1,0.589,1,0.689,1,0,0.000,0.5,0,0.75
16,EL1,1,0.0250,MEDIUM,0.025,0.025,0.2616,6,FALSE,FALSE,FALSE,TRUE,FALSE,N,N,0.108,1,0,1,0,0,0.406,0.594,0.205,0.122,0.332,1,0.589,1,0.689,1,0,0.406,-2.0,-2,0.375
16,EL1,1,0.0250,MEDIUM,0.025,0.025,0.2616,7,FALSE,FALSE,FALSE,FALSE,TRUE,N,N,0.096,0,1,1,1,0,0.558,0.558,0.281,0.157,0.332,1,0.589,1,0.689,1,0,0.558,-1.0,-1,1.1875
16,EL1,1,0.0250,MEDIUM,0.025,0.025,0.2616,8,FALSE,FALSE,FALSE,FALSE,FALSE,N,N,0.196,0,0,1,1,1,0.394,0.606,0.199,0.120,0.332,1,0.589,1,0.689,1,0,0.394,1.0,1,-0.40625
17,EL1,1,-0.0247,LOW,-0.025,-0.025,0.1755,1,FALSE,TRUE,TRUE,FALSE,FALSE,N,N,0.110,0,1,0,0,1,0.402,0.598,0.199,0.080,0.209,1,0.892,0,0.799,0,0,0.000,0.5,0,0
17,EL1,1,-0.0247,LOW,-0.025,-0.025,0.1755,2,FALSE,TRUE,TRUE,FALSE,FALSE,N,N,0.106,0,1,0,0,0,0.411,0.589,0.204,0.084,0.209,1,0.892,0,0.799,0,0,0.000,-0.5,0,0
17,EL1,1,-0.0247,LOW,-0.025,-0.025,0.1755,3,FALSE,TRUE,FALSE,FALSE,TRUE,N,N,0.095,1,1,1,1,0,0.492,0.492,0.244,0.120,0.209,1,0.892,0,0.799,0,0,0.492,-1.0,-1,0
17,EL1,1,-0.0247,LOW,-0.025,-0.025,0.1755,4,FALSE,TRUE,FALSE,FALSE,FALSE,N,N,0.174,0,1,0,0,1,0.396,0.604,0.197,0.078,0.209,1,0.892,0,0.799,0,0,0.000,0.5,0,-1
17,EL1,1,-0.0247,LOW,-0.025,-0.025,0.1755,5,FALSE,FALSE,FALSE,TRUE,FALSE,N,N,0.114,1,1,0,0,1,0.442,0.558,0.219,0.097,0.209,1,0.892,0,0.799,0,0,0.000,0.5,0,-0.5
17,EL1,1,-0.0247,LOW,-0.025,-0.025,0.1755,6,FALSE,FALSE,FALSE,TRUE,FALSE,N,N,0.108,0,0,1,1,1,0.399,0.601,0.198,0.119,0.209,1,0.892,0,0.799,0,0,0.399,1.0,1,-0.25
17,EL1,1,-0.0247,LOW,-0.025,-0.025,0.1755,7,FALSE,FALSE,FALSE,FALSE,TRUE,N,N,0.096,0,1,1,0,1,0.543,0.543,0.269,0.146,0.209,1,0.892,0,0.799,0,0,0.543,2.0,2,-1.125
17,EL1,1,-0.0247,LOW,-0.025,-0.025,0.1755,8,FALSE,FALSE,FALSE,FALSE,FALSE,N,N,0.196,0,1,0,0,1,0.393,0.607,0.195,0.077,0.209,1,0.892,0,0.799,0,0,0.000,0.5,0,0.4375
18,NA3,2,0.0880,MEDIUM,0.176,0.176,0.3258,1,FALSE,TRUE,TRUE,FALSE,FALSE,U,U,0.110,1,1,0,0,1,0.418,0.582,0.215,0.090,0.415,1,0.804,0,0.707,1,0,0.000,0.5,0,0
18,NA3,2,0.0880,MEDIUM,0.176,0.176,0.3258,2,FALSE,TRUE,TRUE,FALSE,FALSE,U,U,0.106,0,1,0,0,1,0.433,0.567,0.223,0.096,0.415,1,0.804,0,0.707,1,0,0.000,0.5,0,0
18,NA3,2,0.0880,MEDIUM,0.176,0.176,0.3258,3,FALSE,TRUE,FALSE,FALSE,TRUE,U,N,0.095,1,1,1,0,1,0.537,0.537,0.276,0.148,0.415,1,0.804,0,0.707,1,0,0.537,2.0,2,0
18,NA3,2,0.0880,MEDIUM,0.176,0.176,0.3258,4,FALSE,TRUE,FALSE,FALSE,FALSE,U,N,0.174,0,1,0,0,1,0.401,0.599,0.206,0.083,0.415,1,0.804,0,0.707,1,0,0.000,0.5,0,1
18,NA3,2,0.0880,MEDIUM,0.176,0.264,0.3258,5,FALSE,FALSE,FALSE,TRUE,FALSE,C,C,0.114,1,1,0,0,1,0.463,0.537,0.238,0.111,0.415,1,0.804,0,0.707,1,0,0.000,0.5,0,0.5
18,NA3,2,0.0880,MEDIUM,0.176,0.264,0.3258,6,FALSE,FALSE,FALSE,TRUE,FALSE,C,C,0.108,0,1,0,0,1,0.416,0.584,0.214,0.089,0.415,1,0.804,0,0.707,1,0,0.000,0.5,0,0.25
18,NA3,2,0.0880,MEDIUM,0.176,0.264,0.3258,7,FALSE,FALSE,FALSE,FALSE,TRUE,C,N,0.096,1,1,1,1,0,0.578,0.578,0.298,0.172,0.415,1,0.804,0,0.707,1,1,0.578,-1.0,-1,0.125
18,NA3,2,0.0880,MEDIUM,0.176,0.264,0.3258,8,FALSE,FALSE,FALSE,FALSE,FALSE,C,N,0.196,0,0,1,0,0,0.396,0.604,0.204,0.123,0.415,1,0.804,0,0.707,1,0,0.396,-2.0,-2,-0.9375
19,NA3,3,0.1990,HIGH,0.597,0.597,0.3424,1,FALSE,TRUE,TRUE,FALSE,FALSE,C,C,0.110,1,1,0,0,1,0.443,0.557,0.236,0.104,0.690,1,0.410,1,0.791,1,0,0.000,0.5,0,0
19,NA3,3,0.1990,HIGH,0.597,0.597,0.3424,2,FALSE,TRUE,TRUE,FALSE,FALSE,C,C,0.106,1,0,1,1,1,0.465,0.535,0.248,0.133,0.690,1,0.410,1,0.791,1,0,0.465,1.0,1,0
19,NA3,3,0.1990,HIGH,0.597,0.597,0.3424,3,FALSE,TRUE,FALSE,FALSE,TRUE,C,N,0.095,1,1,1,1,0,0.590,0.590,0.315,0.186,0.690,1,0.410,1,0.791,1,0,0.590,-1.0,-1,-1
19,NA3,3,0.1990,HIGH,0.597,0.597,0.3424,4,FALSE,TRUE,FALSE,FALSE,FALSE,C,N,0.174,1,0,1,1,1,0.406,0.594,0.216,0.129,0.690,1,0.410,1,0.791,1,0,0.406,1.0,1,-1.5
19,NA3,3,0.1990,HIGH,0.597,0.398,0.3424,5,FALSE,FALSE,FALSE,TRUE,FALSE,U,U,0.114,0,0,1,0,0,0.489,0.511,0.261,0.133,0.690,1,0.410,1,0.791,1,0,0.489,-2.0,-2,-1.75
19,NA3,3,0.1990,HIGH,0.597,0.398,0.3424,6,FALSE,FALSE,FALSE,TRUE,FALSE,U,U,0.108,1,1,0,0,1,0.442,0.558,0.235,0.104,0.690,1,0.410,1,0.791,1,0,0.000,0.5,0,0.125
19,NA3,3,0.1990,HIGH,0.597,0.398,0.3424,7,FALSE,FALSE,FALSE,FALSE,TRUE,U,N,0.096,1,1,1,0,1,0.617,0.617,0.329,0.203,0.690,1,0.410,1,0.791,1,0,0.617,2.0,2,0.0625
19,NA3,3,0.1990,HIGH,0.597,0.398,0.3424,8,FALSE,FALSE,FALSE,FALSE,FALSE,U,N,0.196,0,0,1,1,1,0.399,0.601,0.213,0.128,0.690,1,0.410,1,0.791,1,0,0.399,1.0,1,1.03125
20,NA3,1,0.0583,MEDIUM,0.058,0.058,0.2542,1,FALSE,TRUE,TRUE,FALSE,FALSE,N,N,0.110,0,1,0,0,1,0.413,0.587,0.211,0.087,0.305,1,0.594,1,0.809,0,0,0.000,0.5,0,0
20,NA3,1,0.0583,MEDIUM,0.058,0.058,0.2542,2,FALSE,TRUE,TRUE,FALSE,FALSE,N,N,0.106,0,1,0,0,1,0.426,0.574,0.217,0.093,0.305,1,0.594,1,0.809,0,0,0.000,0.5,0,0
20,NA3,1,0.0583,MEDIUM,0.058,0.058,0.2542,3,FALSE,TRUE,FALSE,FALSE,TRUE,N,N,0.095,1,1,1,1,0,0.524,0.524,0.267,0.140,0.305,1,0.594,1,0.809,0,1,0.524,-1.0,-1,0
20,NA3,1,0.0583,MEDIUM,0.058,0.058,0.2542,4,FALSE,TRUE,FALSE,FALSE,FALSE,N,N,0.174,0,1,0,0,1,0.399,0.601,0.204,0.081,0.305,1,0.594,1,0.809,0,0,0.000,0.5,0,-1
20,NA3,1,0.0583,MEDIUM,0.058,0.058,0.2542,5,FALSE,FALSE,FALSE,TRUE,FALSE,N,N,0.114,1,0,1,1,1,0.457,0.543,0.233,0.127,0.305,1,0.594,1,0.809,0,1,0.457,1.0,1,-0.5
20,NA3,1,0.0583,MEDIUM,0.058,0.058,0.2542,6,FALSE,FALSE,FALSE,TRUE,FALSE,N,N,0.108,0,1,0,0,1,0.411,0.589,0.209,0.086,0.305,1,0.594,1,0.809,0,0,0.000,0.5,0,-1.25
20,NA3,1,0.0583,MEDIUM,0.058,0.058,0.2542,7,FALSE,FALSE,FALSE,FALSE,TRUE,N,N,0.096,1,0,0,0,0,0.569,0.569,0.290,0.125,0.305,1,0.594,1,0.809,0,0,0.000,-0.5,0,-0.625
20,NA3,1,0.0583,MEDIUM,0.058,0.058,0.2542,8,FALSE,FALSE,FALSE,FALSE,FALSE,N,N,0.196,0,0,1,1,1,0.395,0.605,0.201,0.122,0.305,1,0.594,1,0.809,0,1,0.395,1.0,1,-0.3125
21,NA3,2,0.1314,MEDIUM,0.263,0.263,0.3120,1,FALSE,TRUE,TRUE,FALSE,FALSE,U,U,0.110,0,0,1,0,0,0.427,0.573,0.223,0.128,0.602,1,0.776,1,0.794,1,0,0.427,-2.0,-2,0
21,NA3,2,0.1314,MEDIUM,0.263,0.263,0.3120,2,FALSE,TRUE,TRUE,FALSE,FALSE,U,U,0.106,1,1,0,0,1,0.444,0.556,0.232,0.103,0.602,1,0.776,1,0.794,1,0,0.000,0.5,0,1
21,NA3,2,0.1314,MEDIUM,0.263,0.263,0.3120,3,FALSE,TRUE,FALSE,FALSE,TRUE,U,N,0.095,1,1,1,0,1,0.557,0.557,0.291,0.162,0.602,1,0.776,1,0.794,1,0,0.557,2.0,2,0.5
21,NA3,2,0.1314,MEDIUM,0.263,0.263,0.3120,4,FALSE,TRUE,FALSE,FALSE,FALSE,U,N,0.174,0,1,0,0,1,0.402,0.598,0.210,0.085,0.602,1,0.776,1,0.794,1,0,0.000,0.5,0,1.25
21,NA3,2,0.1314,MEDIUM,0.263,0.394,0.3120,5,FALSE,FALSE,FALSE,TRUE,FALSE,C,C,0.114,0,0,1,1,1,0.473,0.527,0.247,0.130,0.602,1,0.776,1,0.794,1,0,0.473,1.0,1,0.625
21,NA3,2,0.1314,MEDIUM,0.263,0.394,0.3120,6,FALSE,FALSE,FALSE,TRUE,FALSE,C,C,0.108,1,1,0,0,1,0.425,0.575,0.222,0.094,0.602,1,0.776,1,0.794,1,0,0.000,0.5,0,-0.6875
21,NA3,2,0.1314,MEDIUM,0.263,0.394,0.3120,7,FALSE,FALSE,FALSE,FALSE,TRUE,C,N,0.096,1,1,1,1,0,0.593,0.593,0.309,0.183,0.602,1,0.776,1,0.794,1,0,0.593,-1.0,-1,-0.34375
21,NA3,2,0.1314,MEDIUM,0.263,0.394,0.3120,8,FALSE,FALSE,FALSE,FALSE,FALSE,C,N,0.196,1,1,0,0,1,0.397,0.603,0.207,0.082,0.602,1,0.776,1,0.794,1,0,0.000,0.5,0,-1.171875
22,NA3,3,0.1949,HIGH,0.585,0.585,0.3286,1,FALSE,TRUE,TRUE,FALSE,FALSE,C,C,0.110,0,0,1,1,1,0.441,0.559,0.235,0.131,0.519,1,0.693,1,1.000,0,1,0.441,1.0,1,0
22,NA3,3,0.1949,HIGH,0.585,0.585,0.3286,2,FALSE,TRUE,TRUE,FALSE,FALSE,C,C,0.106,1,1,0,0,1,0.464,0.536,0.247,0.115,0.519,1,0.693,1,1.000,0,0,0.000,0.5,0,-1
22,NA3,3,0.1949,HIGH,0.585,0.585,0.3286,3,FALSE,TRUE,FALSE,FALSE,TRUE,C,N,0.095,1,1,1,0,1,0.588,0.588,0.313,0.184,0.519,1,0.693,1,1.000,0,0,0.588,2.0,2,-0.5
22,NA3,3,0.1949,HIGH,0.585,0.585,0.3286,4,FALSE,TRUE,FALSE,FALSE,FALSE,C,N,0.174,0,1,0,0,1,0.405,0.595,0.216,0.087,0.519,1,0.693,1,1.000,0,0,0.000,0.5,0,0.75
22,NA3,3,0.1949,HIGH,0.585,0.390,0.3286,5,FALSE,FALSE,FALSE,TRUE,FALSE,U,U,0.114,1,1,0,0,1,0.488,0.512,0.260,0.127,0.519,1,0.693,1,1.000,0,0,0.000,0.5,0,0.375
22,NA3,3,0.1949,HIGH,0.585,0.390,0.3286,6,FALSE,FALSE,FALSE,TRUE,FALSE,U,U,0.108,1,1,0,0,1,0.441,0.559,0.235,0.103,0.519,1,0.693,1,1.000,0,0,0.000,0.5,0,0.1875
22,NA3,3,0.1949,HIGH,0.585,0.390,0.3286,7,FALSE,FALSE,FALSE,FALSE,TRUE,U,N,0.096,1,1,1,0,1,0.615,0.615,0.328,0.202,0.519,1,0.693,1,1.000,0,0,0.615,2.0,2,0.09375
22,NA3,3,0.1949,HIGH,0.585,0.390,0.3286,8,FALSE,FALSE,FALSE,FALSE,FALSE,U,N,0.196,0,0,1,1,1,0.399,0.601,0.213,0.128,0.519,1,0.693,1,1.000,0,1,0.399,1.0,1,1.046875
23,NA3,2,0.1636,HIGH,0.327,0.327,0.3693,1,FALSE,TRUE,TRUE,FALSE,FALSE,U,U,0.110,1,1,0,0,1,0.434,0.566,0.229,0.099,0.410,1,0.516,1,0.809,1,0,0.000,0.5,0,0
23,NA3,2,0.1636,HIGH,0.327,0.327,0.3693,2,FALSE,TRUE,TRUE,FALSE,FALSE,U,U,0.106,0,1,0,0,1,0.454,0.546,0.239,0.108,0.410,1,0.516,1,0.809,1,0,0.000,0.5,0,0
23,NA3,2,0.1636,HIGH,0.327,0.327,0.3693,3,FALSE,TRUE,FALSE,FALSE,TRUE,U,N,0.095,1,1,1,1,0,0.572,0.572,0.302,0.173,0.410,1,0.516,1,0.809,1,0,0.572,-1.0,-1,0
23,NA3,2,0.1636,HIGH,0.327,0.327,0.3693,4,FALSE,TRUE,FALSE,FALSE,FALSE,U,N,0.174,0,0,1,1,1,0.404,0.596,0.213,0.127,0.410,1,0.516,1,0.809,1,0,0.404,1.0,1,-1
23,NA3,2,0.1636,HIGH,0.327,0.491,0.3693,5,FALSE,FALSE,FALSE,TRUE,FALSE,C,C,0.114,0,0,1,1,1,0.480,0.520,0.253,0.132,0.410,1,0.516,1,0.809,1,0,0.480,1.0,1,-1.5
23,NA3,2,0.1636,HIGH,0.327,0.491,0.3693,6,FALSE,FALSE,FALSE,TRUE,FALSE,C,C,0.108,1,1,0,0,1,0.432,0.568,0.228,0.098,0.410,1,0.516,1,0.809,1,0,0.000,0.5,0,-1.75
23,NA3,2,0.1636,HIGH,0.327,0.491,0.3693,7,FALSE,FALSE,FALSE,FALSE,TRUE,C,N,0.096,1,1,1,1,0,0.604,0.604,0.319,0.192,0.410,1,0.516,1,0.809,1,0,0.604,-1.0,-1,-0.875
23,NA3,2,0.1636,HIGH,0.327,0.491,0.3693,8,FALSE,FALSE,FALSE,FALSE,FALSE,C,N,0.196,0,0,1,1,1,0.398,0.602,0.210,0.126,0.410,1,0.516,1,0.809,1,0,0.398,1.0,1,-1.4375
25,NA3,1,0.0401,MEDIUM,0.040,0.040,0.4966,1,FALSE,TRUE,TRUE,FALSE,FALSE,N,N,0.110,0,1,0,0,1,0.410,0.590,0.208,0.085,0.383,1,0.390,1,0.587,1,0,0.000,0.5,0,0
25,NA3,1,0.0401,MEDIUM,0.040,0.040,0.4966,2,FALSE,TRUE,TRUE,FALSE,FALSE,N,N,0.106,0,1,0,0,1,0.423,0.577,0.214,0.090,0.383,1,0.390,1,0.587,1,0,0.000,0.5,0,0
25,NA3,1,0.0401,MEDIUM,0.040,0.040,0.4966,3,FALSE,TRUE,FALSE,FALSE,TRUE,N,N,0.095,1,0,0,0,0,0.516,0.516,0.262,0.127,0.383,1,0.390,1,0.587,1,0,0.000,-0.5,0,0
25,NA3,1,0.0401,MEDIUM,0.040,0.040,0.4966,4,FALSE,TRUE,FALSE,FALSE,FALSE,N,N,0.174,1,1,0,0,1,0.399,0.601,0.202,0.081,0.383,1,0.390,1,0.587,1,0,0.000,0.5,0,0
25,NA3,1,0.0401,MEDIUM,0.040,0.040,0.4966,5,FALSE,FALSE,FALSE,TRUE,FALSE,N,N,0.114,1,0,1,0,0,0.454,0.546,0.230,0.126,0.383,1,0.390,1,0.587,1,0,0.454,-2.0,-2,0
25,NA3,1,0.0401,MEDIUM,0.040,0.040,0.4966,6,FALSE,FALSE,FALSE,TRUE,FALSE,N,N,0.108,0,0,1,0,0,0.408,0.592,0.207,0.122,0.383,1,0.390,1,0.587,1,0,0.408,-2.0,-2,1
25,NA3,1,0.0401,MEDIUM,0.040,0.040,0.4966,7,FALSE,FALSE,FALSE,FALSE,TRUE,N,N,0.096,0,0,0,0,0,0.563,0.563,0.285,0.125,0.383,1,0.390,1,0.587,1,0,0.000,-0.5,0,1.5
25,NA3,1,0.0401,MEDIUM,0.040,0.040,0.4966,8,FALSE,FALSE,FALSE,FALSE,FALSE,N,N,0.196,0,0,1,1,1,0.395,0.605,0.200,0.121,0.383,1,0.390,1,0.587,1,0,0.395,1.0,1,0.75
26,EL3,2,0.2143,HIGH,0.429,0.429,0.3215,1,FALSE,TRUE,TRUE,FALSE,FALSE,U,U,0.110,1,1,0,0,1,0.447,0.553,0.239,0.107,0.630,1,0.534,1,0.809,1,0,0.000,0.5,0,0
26,EL3,2,0.2143,HIGH,0.429,0.429,0.3215,2,FALSE,TRUE,TRUE,FALSE,FALSE,U,U,0.106,1,1,0,0,1,0.471,0.529,0.252,0.119,0.630,1,0.534,1,0.809,1,0,0.000,0.5,0,0
26,EL3,2,0.2143,HIGH,0.429,0.429,0.3215,3,FALSE,TRUE,FALSE,FALSE,TRUE,U,N,0.095,1,0,0,0,0,0.599,0.599,0.321,0.129,0.630,1,0.534,1,0.809,1,0,0.000,-0.5,0,0
26,EL3,2,0.2143,HIGH,0.429,0.429,0.3215,4,FALSE,TRUE,FALSE,FALSE,FALSE,U,N,0.174,0,0,1,1,1,0.406,0.594,0.218,0.129,0.630,1,0.534,1,0.809,1,0,0.406,1.0,1,0
26,EL3,2,0.2143,HIGH,0.429,0.643,0.3215,5,FALSE,FALSE,FALSE,TRUE,FALSE,C,C,0.114,1,1,0,0,1,0.493,0.507,0.264,0.130,0.630,1,0.534,1,0.809,1,0,0.000,0.5,0,-1
26,EL3,2,0.2143,HIGH,0.429,0.643,0.3215,6,FALSE,FALSE,FALSE,TRUE,FALSE,C,C,0.108,1,1,0,0,1,0.446,0.554,0.239,0.107,0.630,1,0.534,1,0.809,1,0,0.000,0.5,0,-0.5
26,EL3,2,0.2143,HIGH,0.429,0.643,0.3215,7,FALSE,FALSE,FALSE,FALSE,TRUE,C,N,0.096,1,1,1,1,0,0.622,0.622,0.333,0.207,0.630,1,0.534,1,0.809,1,0,0.622,-1.0,-1,-0.25
26,EL3,2,0.2143,HIGH,0.429,0.643,0.3215,8,FALSE,FALSE,FALSE,FALSE,FALSE,C,N,0.196,0,0,1,1,1,0.400,0.600,0.214,0.129,0.630,1,0.534,1,0.809,1,0,0.400,1.0,1,-1.125
28,EL3,1,-0.0260,LOW,-0.026,-0.026,0.3620,1,FALSE,TRUE,TRUE,FALSE,FALSE,N,N,0.110,0,1,0,0,1,0.402,0.598,0.199,0.080,0.376,1,0.420,1,0.809,0,0,0.000,0.5,0,0
28,EL3,1,-0.0260,LOW,-0.026,-0.026,0.3620,2,FALSE,TRUE,TRUE,FALSE,FALSE,N,N,0.106,1,0,1,1,1,0.411,0.589,0.204,0.120,0.376,1,0.420,1,0.809,0,1,0.411,1.0,1,0
28,EL3,1,-0.0260,LOW,-0.026,-0.026,0.3620,3,FALSE,TRUE,FALSE,FALSE,TRUE,N,N,0.095,0,0,0,0,0,0.491,0.491,0.244,0.124,0.376,1,0.420,1,0.809,0,0,0.000,-0.5,0,-1
28,EL3,1,-0.0260,LOW,-0.026,-0.026,0.3620,4,FALSE,TRUE,FALSE,FALSE,FALSE,N,N,0.174,1,0,1,1,1,0.396,0.604,0.196,0.119,0.376,1,0.420,1,0.809,0,1,0.396,1.0,1,-0.5
28,EL3,1,-0.0260,LOW,-0.026,-0.026,0.3620,5,FALSE,FALSE,FALSE,TRUE,FALSE,N,N,0.114,0,1,0,0,1,0.442,0.558,0.219,0.097,0.376,1,0.420,1,0.809,0,0,0.000,0.5,0,-1.25
28,EL3,1,-0.0260,LOW,-0.026,-0.026,0.3620,6,FALSE,FALSE,FALSE,TRUE,FALSE,N,N,0.108,0,0,1,1,1,0.399,0.601,0.198,0.119,0.376,1,0.420,1,0.809,0,1,0.399,1.0,1,-0.625
28,EL3,1,-0.0260,LOW,-0.026,-0.026,0.3620,7,FALSE,FALSE,FALSE,FALSE,TRUE,N,N,0.096,1,0,0,0,0,0.542,0.542,0.269,0.123,0.376,1,0.420,1,0.809,0,0,0.000,-0.5,0,-1.3125
28,EL3,1,-0.0260,LOW,-0.026,-0.026,0.3620,8,FALSE,FALSE,FALSE,FALSE,FALSE,N,N,0.196,0,1,0,0,1,0.393,0.607,0.195,0.076,0.376,1,0.420,1,0.809,0,0,0.000,0.5,0,-0.65625
29,EL3,2,0.1113,MEDIUM,0.223,0.223,0.3138,1,TRUE,TRUE,TRUE,FALSE,FALSE,U,U,0.110,#N/A,1,0,0,1,0.422,0.578,0.219,0.093,#N/A,#N/A,0.533,1,0.809,0,0,0.000,0.5,0,0
29,EL3,2,0.1113,MEDIUM,0.223,0.223,0.3138,2,TRUE,TRUE,TRUE,FALSE,FALSE,U,U,0.106,#N/A,1,0,0,1,0.439,0.561,0.228,0.100,#N/A,#N/A,0.533,1,0.809,0,0,0.000,0.5,0,0
29,EL3,2,0.1113,MEDIUM,0.223,0.223,0.3138,3,TRUE,TRUE,FALSE,FALSE,TRUE,U,N,0.095,#N/A,1,1,1,0,0.547,0.547,0.284,0.155,#N/A,#N/A,0.533,1,0.809,0,1,0.547,-1.0,-1,0
29,EL3,2,0.1113,MEDIUM,0.223,0.223,0.3138,4,TRUE,TRUE,FALSE,FALSE,FALSE,U,N,0.174,#N/A,0,1,1,1,0.402,0.598,0.208,0.125,#N/A,#N/A,0.533,1,0.809,0,1,0.402,1.0,1,-1
29,EL3,2,0.1113,MEDIUM,0.223,0.334,0.3138,5,TRUE,FALSE,FALSE,TRUE,FALSE,C,C,0.114,#N/A,1,0,0,1,0.468,0.532,0.243,0.114,#N/A,#N/A,0.533,1,0.809,0,0,0.000,0.5,0,-1.5
29,EL3,2,0.1113,MEDIUM,0.223,0.334,0.3138,6,TRUE,FALSE,FALSE,TRUE,FALSE,C,C,0.108,#N/A,1,0,0,1,0.420,0.580,0.218,0.092,#N/A,#N/A,0.533,1,0.809,0,0,0.000,0.5,0,-0.75
29,EL3,2,0.1113,MEDIUM,0.223,0.334,0.3138,7,TRUE,FALSE,FALSE,FALSE,TRUE,C,N,0.096,#N/A,0,0,0,0,0.586,0.586,0.304,0.126,#N/A,#N/A,0.533,1,0.809,0,0,0.000,-0.5,0,-0.375
29,EL3,2,0.1113,MEDIUM,0.223,0.334,0.3138,8,TRUE,FALSE,FALSE,FALSE,FALSE,C,N,0.196,#N/A,0,1,1,1,0.397,0.603,0.206,0.124,#N/A,#N/A,0.533,1,0.809,0,1,0.397,1.0,1,-0.1875
30,EL3,2,0.0729,MEDIUM,0.146,0.146,0.3138,1,TRUE,TRUE,TRUE,FALSE,FALSE,U,U,0.110,#N/A,1,0,0,1,0.416,0.584,0.213,0.088,#N/A,#N/A,0.625,1,0.905,0,0,0.000,0.5,0,0
30,EL3,2,0.0729,MEDIUM,0.146,0.146,0.3138,2,TRUE,TRUE,TRUE,FALSE,FALSE,U,U,0.106,#N/A,0,1,1,1,0.430,0.570,0.220,0.125,#N/A,#N/A,0.625,1,0.905,0,1,0.430,1.0,1,0
30,EL3,2,0.0729,MEDIUM,0.146,0.146,0.3138,3,TRUE,TRUE,FALSE,FALSE,TRUE,U,N,0.095,#N/A,0,0,0,0,0.530,0.530,0.271,0.128,#N/A,#N/A,0.625,1,0.905,0,0,0.000,-0.5,0,-1
30,EL3,2,0.0729,MEDIUM,0.146,0.146,0.3138,4,TRUE,TRUE,FALSE,FALSE,FALSE,U,N,0.174,#N/A,0,1,1,1,0.400,0.600,0.205,0.123,#N/A,#N/A,0.625,1,0.905,0,1,0.400,1.0,1,-0.5
30,EL3,2,0.0729,MEDIUM,0.146,0.219,0.3138,5,TRUE,FALSE,FALSE,TRUE,FALSE,C,C,0.114,#N/A,1,0,0,1,0.460,0.540,0.236,0.108,#N/A,#N/A,0.625,1,0.905,0,0,0.000,0.5,0,-1.25
30,EL3,2,0.0729,MEDIUM,0.146,0.219,0.3138,6,TRUE,FALSE,FALSE,TRUE,FALSE,C,C,0.108,#N/A,1,0,0,1,0.413,0.587,0.212,0.087,#N/A,#N/A,0.625,1,0.905,0,0,0.000,0.5,0,-0.625
30,EL3,2,0.0729,MEDIUM,0.146,0.219,0.3138,7,TRUE,FALSE,FALSE,FALSE,TRUE,C,N,0.096,#N/A,1,1,0,1,0.573,0.573,0.294,0.168,#N/A,#N/A,0.625,1,0.905,0,0,0.573,2.0,2,-0.3125
30,EL3,2,0.0729,MEDIUM,0.146,0.219,0.3138,8,TRUE,FALSE,FALSE,FALSE,FALSE,C,N,0.196,#N/A,1,0,0,1,0.395,0.605,0.203,0.080,#N/A,#N/A,0.625,1,0.905,0,0,0.000,0.5,0,0.84375
31,EL3,2,0.0177,LOW,0.035,0.035,0.3275,1,FALSE,TRUE,TRUE,FALSE,FALSE,U,U,0.110,1,0,1,1,1,0.407,0.593,0.205,0.121,0.420,1,0.416,1,0.809,0,1,0.407,1.0,1,0
31,EL3,2,0.0177,LOW,0.035,0.035,0.3275,2,FALSE,TRUE,TRUE,FALSE,FALSE,U,U,0.106,0,1,0,0,1,0.418,0.582,0.210,0.088,0.420,1,0.416,1,0.809,0,0,0.000,0.5,0,-1
31,EL3,2,0.0177,LOW,0.035,0.035,0.3275,3,FALSE,TRUE,FALSE,FALSE,TRUE,U,N,0.095,0,0,0,0,0,0.508,0.508,0.255,0.126,0.420,1,0.416,1,0.809,0,0,0.000,-0.5,0,-0.5
31,EL3,2,0.0177,LOW,0.035,0.035,0.3275,4,FALSE,TRUE,FALSE,FALSE,FALSE,U,N,0.174,0,0,1,1,1,0.398,0.602,0.200,0.120,0.420,1,0.416,1,0.809,0,1,0.398,1.0,1,-0.25
31,EL3,2,0.0177,LOW,0.035,0.053,0.3275,5,FALSE,FALSE,FALSE,TRUE,FALSE,C,C,0.114,1,1,0,0,1,0.450,0.550,0.226,0.102,0.420,1,0.416,1,0.809,0,0,0.000,0.5,0,-1.125
31,EL3,2,0.0177,LOW,0.035,0.053,0.3275,6,FALSE,FALSE,FALSE,TRUE,FALSE,C,C,0.108,0,0,1,1,1,0.405,0.595,0.204,0.121,0.420,1,0.416,1,0.809,0,1,0.405,1.0,1,-0.5625
31,EL3,2,0.0177,LOW,0.035,0.053,0.3275,7,FALSE,FALSE,FALSE,FALSE,TRUE,C,N,0.096,0,0,0,0,0,0.556,0.556,0.279,0.124,0.420,1,0.416,1,0.809,0,0,0.000,-0.5,0,-1.28125
31,EL3,2,0.0177,LOW,0.035,0.053,0.3275,8,FALSE,FALSE,FALSE,FALSE,FALSE,C,N,0.196,1,1,0,0,1,0.394,0.606,0.198,0.078,0.420,1,0.416,1,0.809,0,0,0.000,0.5,0,-0.640625
32,EL3,2,-0.0317,LOW,-0.063,-0.063,0.3110,1,FALSE,TRUE,TRUE,FALSE,FALSE,U,U,0.110,0,0,1,1,1,0.401,0.599,0.198,0.119,0.202,1,0.524,1,0.809,0,1,0.401,1.0,1,0
32,EL3,2,-0.0317,LOW,-0.063,-0.063,0.3110,2,FALSE,TRUE,TRUE,FALSE,FALSE,U,U,0.106,1,1,0,0,1,0.410,0.590,0.203,0.083,0.202,1,0.524,1,0.809,0,0,0.000,0.5,0,-1
32,EL3,2,-0.0317,LOW,-0.063,-0.063,0.3110,3,FALSE,TRUE,FALSE,FALSE,TRUE,U,N,0.095,0,0,0,0,0,0.489,0.489,0.242,0.124,0.202,1,0.524,1,0.809,0,0,0.000,-0.5,0,-0.5
32,EL3,2,-0.0317,LOW,-0.063,-0.063,0.3110,4,FALSE,TRUE,FALSE,FALSE,FALSE,U,N,0.174,0,0,1,1,1,0.396,0.604,0.196,0.118,0.202,1,0.524,1,0.809,0,1,0.396,1.0,1,-0.25
32,EL3,2,-0.0317,LOW,-0.063,-0.095,0.3110,5,FALSE,FALSE,FALSE,TRUE,FALSE,C,C,0.114,0,1,0,0,1,0.441,0.559,0.218,0.096,0.202,1,0.524,1,0.809,0,0,0.000,0.5,0,-1.125
32,EL3,2,-0.0317,LOW,-0.063,-0.095,0.3110,6,FALSE,FALSE,FALSE,TRUE,FALSE,C,C,0.108,0,1,0,0,1,0.399,0.601,0.197,0.079,0.202,1,0.524,1,0.809,0,0,0.000,0.5,0,-0.5625
32,EL3,2,-0.0317,LOW,-0.063,-0.095,0.3110,7,FALSE,FALSE,FALSE,FALSE,TRUE,C,N,0.096,1,0,0,0,0,0.541,0.541,0.267,0.123,0.202,1,0.524,1,0.809,0,0,0.000,-0.5,0,-0.28125
32,EL3,2,-0.0317,LOW,-0.063,-0.095,0.3110,8,FALSE,FALSE,FALSE,FALSE,FALSE,C,N,0.196,0,1,0,0,1,0.393,0.607,0.194,0.076,0.202,1,0.524,1,0.809,0,0,0.000,0.5,0,-0.140625
33,EL3,3,-0.0173,LOW,-0.052,-0.052,0.1732,1,FALSE,TRUE,TRUE,FALSE,FALSE,C,C,0.110,0,1,0,0,1,0.403,0.597,0.200,0.081,0.202,1,0.720,1,0.809,0,0,0.000,0.5,0,0
33,EL3,3,-0.0173,LOW,-0.052,-0.052,0.1732,2,FALSE,TRUE,TRUE,FALSE,FALSE,C,C,0.106,1,0,1,1,1,0.412,0.588,0.205,0.120,0.202,1,0.720,1,0.809,0,1,0.412,1.0,1,0
33,EL3,3,-0.0173,LOW,-0.052,-0.052,0.1732,3,FALSE,TRUE,FALSE,FALSE,TRUE,C,N,0.095,0,1,1,1,0,0.494,0.494,0.246,0.122,0.202,1,0.720,1,0.809,0,1,0.494,-1.0,-1,-1
33,EL3,3,-0.0173,LOW,-0.052,-0.052,0.1732,4,FALSE,TRUE,FALSE,FALSE,FALSE,C,N,0.174,0,0,1,1,1,0.397,0.603,0.197,0.119,0.202,1,0.720,1,0.809,0,1,0.397,1.0,1,-1.5
33,EL3,3,-0.0173,LOW,-0.052,-0.035,0.1732,5,FALSE,FALSE,FALSE,TRUE,FALSE,U,U,0.114,0,1,0,0,1,0.444,0.556,0.221,0.098,0.202,1,0.720,1,0.809,0,0,0.000,0.5,0,-1.75
33,EL3,3,-0.0173,LOW,-0.052,-0.035,0.1732,6,FALSE,FALSE,FALSE,TRUE,FALSE,U,U,0.108,0,1,0,0,1,0.400,0.600,0.199,0.080,0.202,1,0.720,1,0.809,0,0,0.000,0.5,0,-0.875
33,EL3,3,-0.0173,LOW,-0.052,-0.035,0.1732,7,FALSE,FALSE,FALSE,FALSE,TRUE,U,N,0.096,1,1,1,1,0,0.545,0.545,0.271,0.148,0.202,1,0.720,1,0.809,0,1,0.545,-1.0,-1,-0.4375
33,EL3,3,-0.0173,LOW,-0.052,-0.035,0.1732,8,FALSE,FALSE,FALSE,FALSE,FALSE,U,N,0.196,0,1,0,0,1,0.393,0.607,0.195,0.077,0.202,1,0.720,1,0.809,0,0,0.000,0.5,0,-1.21875
34,EL3,1,-0.1089,LOW,-0.109,-0.109,0.2321,1,FALSE,TRUE,TRUE,FALSE,FALSE,N,N,0.110,0,1,0,0,1,0.394,0.606,0.190,0.075,0.174,1,0.224,1,0.809,0,0,0.000,0.5,0,0
34,EL3,1,-0.1089,LOW,-0.109,-0.109,0.2321,2,FALSE,TRUE,TRUE,FALSE,FALSE,N,N,0.106,0,0,1,1,1,0.400,0.600,0.193,0.116,0.174,1,0.224,1,0.809,0,1,0.400,1.0,1,0
34,EL3,1,-0.1089,LOW,-0.109,-0.109,0.2321,3,FALSE,TRUE,FALSE,FALSE,TRUE,N,N,0.095,0,0,0,0,0,0.465,0.465,0.224,0.120,0.174,1,0.224,1,0.809,0,0,0.000,-0.5,0,-1
34,EL3,1,-0.1089,LOW,-0.109,-0.109,0.2321,4,FALSE,TRUE,FALSE,FALSE,FALSE,N,N,0.174,1,0,1,1,1,0.394,0.606,0.190,0.115,0.174,1,0.224,1,0.809,0,1,0.394,1.0,1,-0.5
34,EL3,1,-0.1089,LOW,-0.109,-0.109,0.2321,5,FALSE,FALSE,FALSE,TRUE,FALSE,N,N,0.114,0,1,0,0,1,0.430,0.570,0.207,0.089,0.174,1,0.224,1,0.809,0,0,0.000,0.5,0,-1.25
34,EL3,1,-0.1089,LOW,-0.109,-0.109,0.2321,6,FALSE,FALSE,FALSE,TRUE,FALSE,N,N,0.108,0,0,1,1,1,0.391,0.609,0.189,0.115,0.174,1,0.224,1,0.809,0,1,0.391,1.0,1,-0.625
34,EL3,1,-0.1089,LOW,-0.109,-0.109,0.2321,7,FALSE,FALSE,FALSE,FALSE,TRUE,N,N,0.096,0,0,0,0,0,0.519,0.519,0.250,0.120,0.174,1,0.224,1,0.809,0,0,0.000,-0.5,0,-1.3125
34,EL3,1,-0.1089,LOW,-0.109,-0.109,0.2321,8,FALSE,FALSE,FALSE,FALSE,FALSE,N,N,0.196,0,0,1,1,1,0.391,0.609,0.188,0.115,0.174,1,0.224,1,0.809,0,1,0.391,1.0,1,-0.65625
35,EL3,1,-0.0461,LOW,-0.046,-0.046,0.4388,1,FALSE,TRUE,TRUE,FALSE,FALSE,N,N,0.110,0,1,0,0,1,0.400,0.600,0.197,0.079,0.196,1,0.683,1,0.809,0,0,0.000,0.5,0,0
35,EL3,1,-0.0461,LOW,-0.046,-0.046,0.4388,2,FALSE,TRUE,TRUE,FALSE,FALSE,N,N,0.106,0,1,0,0,1,0.408,0.592,0.201,0.082,0.196,1,0.683,1,0.809,0,0,0.000,0.5,0,0
35,EL3,1,-0.0461,LOW,-0.046,-0.046,0.4388,3,FALSE,TRUE,FALSE,FALSE,TRUE,N,N,0.095,0,0,0,0,0,0.485,0.485,0.239,0.123,0.196,1,0.683,1,0.809,0,0,0.000,-0.5,0,0
35,EL3,1,-0.0461,LOW,-0.046,-0.046,0.4388,4,FALSE,TRUE,FALSE,FALSE,FALSE,N,N,0.174,0,1,0,0,1,0.396,0.604,0.195,0.077,0.196,1,0.683,1,0.809,0,0,0.000,0.5,0,0
35,EL3,1,-0.0461,LOW,-0.046,-0.046,0.4388,5,FALSE,FALSE,FALSE,TRUE,FALSE,N,N,0.114,0,0,1,1,1,0.439,0.561,0.216,0.121,0.196,1,0.683,1,0.809,0,1,0.439,1.0,1,0
35,EL3,1,-0.0461,LOW,-0.046,-0.046,0.4388,6,FALSE,FALSE,FALSE,TRUE,FALSE,N,N,0.108,0,0,1,1,1,0.397,0.603,0.195,0.118,0.196,1,0.683,1,0.809,0,1,0.397,1.0,1,-1
35,EL3,1,-0.0461,LOW,-0.046,-0.046,0.4388,7,FALSE,FALSE,FALSE,FALSE,TRUE,N,N,0.096,0,1,1,1,0,0.536,0.536,0.264,0.142,0.196,1,0.683,1,0.809,0,1,0.536,-1.0,-1,-1.5
35,EL3,1,-0.0461,LOW,-0.046,-0.046,0.4388,8,FALSE,FALSE,FALSE,FALSE,FALSE,N,N,0.196,1,1,0,0,1,0.392,0.608,0.193,0.076,0.196,1,0.683,1,0.809,0,0,0.000,0.5,0,-1.75
36,EL2,2,0.1750,HIGH,0.350,0.350,0.2821,1,FALSE,TRUE,TRUE,FALSE,FALSE,U,U,0.110,1,1,0,0,1,0.436,0.564,0.231,0.101,0.516,1,0.720,1,0.809,1,0,0.000,0.5,0,0
36,EL2,2,0.1750,HIGH,0.350,0.350,0.2821,2,FALSE,TRUE,TRUE,FALSE,FALSE,U,U,0.106,1,0,1,1,1,0.457,0.543,0.242,0.131,0.516,1,0.720,1,0.809,1,0,0.457,1.0,1,0
36,EL2,2,0.1750,HIGH,0.350,0.350,0.2821,3,FALSE,TRUE,FALSE,FALSE,TRUE,U,N,0.095,1,1,1,1,0,0.578,0.578,0.306,0.177,0.516,1,0.720,1,0.809,1,0,0.578,-1.0,-1,-1
36,EL2,2,0.1750,HIGH,0.350,0.350,0.2821,4,FALSE,TRUE,FALSE,FALSE,FALSE,U,N,0.174,0,0,1,1,1,0.404,0.596,0.214,0.127,0.516,1,0.720,1,0.809,1,0,0.404,1.0,1,-1.5
36,EL2,2,0.1750,HIGH,0.350,0.525,0.2821,5,FALSE,FALSE,FALSE,TRUE,FALSE,C,C,0.114,0,1,0,0,1,0.483,0.517,0.256,0.123,0.516,1,0.720,1,0.809,1,0,0.000,0.5,0,-1.75
36,EL2,2,0.1750,HIGH,0.350,0.525,0.2821,6,FALSE,FALSE,FALSE,TRUE,FALSE,C,C,0.108,1,1,0,0,1,0.435,0.565,0.230,0.100,0.516,1,0.720,1,0.809,1,0,0.000,0.5,0,-0.875
36,EL2,2,0.1750,HIGH,0.350,0.525,0.2821,7,FALSE,FALSE,FALSE,FALSE,TRUE,C,N,0.096,1,1,1,1,0,0.608,0.608,0.322,0.196,0.516,1,0.720,1,0.809,1,0,0.608,-1.0,-1,-0.4375
36,EL2,2,0.1750,HIGH,0.350,0.525,0.2821,8,FALSE,FALSE,FALSE,FALSE,FALSE,C,N,0.196,0,1,0,0,1,0.399,0.601,0.211,0.084,0.516,1,0.720,1,0.809,1,0,0.000,0.5,0,-1.21875
38,EL2,3,0.0702,MEDIUM,0.211,0.211,0.3732,1,TRUE,TRUE,TRUE,FALSE,FALSE,C,C,0.110,#N/A,0,1,1,1,0.415,0.585,0.212,0.124,#N/A,#N/A,0.506,1,0.809,0,1,0.415,1.0,1,0
38,EL2,3,0.0702,MEDIUM,0.211,0.211,0.3732,2,TRUE,TRUE,TRUE,FALSE,FALSE,C,C,0.106,#N/A,1,0,0,1,0.429,0.571,0.219,0.094,#N/A,#N/A,0.506,1,0.809,0,0,0.000,0.5,0,-1
38,EL2,3,0.0702,MEDIUM,0.211,0.211,0.3732,3,TRUE,TRUE,FALSE,FALSE,TRUE,C,N,0.095,#N/A,1,1,1,0,0.529,0.529,0.271,0.143,#N/A,#N/A,0.506,1,0.809,0,1,0.529,-1.0,-1,-0.5
38,EL2,3,0.0702,MEDIUM,0.211,0.211,0.3732,4,TRUE,TRUE,FALSE,FALSE,FALSE,C,N,0.174,#N/A,0,1,1,1,0.400,0.600,0.205,0.123,#N/A,#N/A,0.506,1,0.809,0,1,0.400,1.0,1,-1.25
38,EL2,3,0.0702,MEDIUM,0.211,0.140,0.3732,5,TRUE,FALSE,FALSE,TRUE,FALSE,U,U,0.114,#N/A,0,1,1,1,0.460,0.540,0.235,0.127,#N/A,#N/A,0.506,1,0.809,0,1,0.460,1.0,1,-1.625
38,EL2,3,0.0702,MEDIUM,0.211,0.140,0.3732,6,TRUE,FALSE,FALSE,TRUE,FALSE,U,U,0.108,#N/A,1,0,0,1,0.413,0.587,0.211,0.087,#N/A,#N/A,0.506,1,0.809,0,0,0.000,0.5,0,-1.8125
38,EL2,3,0.0702,MEDIUM,0.211,0.140,0.3732,7,TRUE,FALSE,FALSE,FALSE,TRUE,U,N,0.096,#N/A,0,0,0,0,0.572,0.572,0.293,0.125,#N/A,#N/A,0.506,1,0.809,0,0,0.000,-0.5,0,-0.90625
38,EL2,3,0.0702,MEDIUM,0.211,0.140,0.3732,8,TRUE,FALSE,FALSE,FALSE,FALSE,U,N,0.196,#N/A,1,0,0,1,0.395,0.605,0.202,0.080,#N/A,#N/A,0.506,1,0.809,0,0,0.000,0.5,0,-0.453125
39,EL2,3,0.0798,MEDIUM,0.239,0.239,0.2843,1,FALSE,TRUE,TRUE,FALSE,FALSE,C,C,0.110,1,1,0,0,1,0.417,0.583,0.214,0.089,0.325,1,0.403,1,0.809,0,0,0.000,0.5,0,0
39,EL2,3,0.0798,MEDIUM,0.239,0.239,0.2843,2,FALSE,TRUE,TRUE,FALSE,FALSE,C,C,0.106,1,0,1,1,1,0.431,0.569,0.221,0.126,0.325,1,0.403,1,0.809,0,1,0.431,1.0,1,0
39,EL2,3,0.0798,MEDIUM,0.239,0.239,0.2843,3,FALSE,TRUE,FALSE,FALSE,TRUE,C,N,0.095,0,0,0,0,0,0.533,0.533,0.274,0.128,0.325,1,0.403,1,0.809,0,0,0.000,-0.5,0,-1
39,EL2,3,0.0798,MEDIUM,0.239,0.239,0.2843,4,FALSE,TRUE,FALSE,FALSE,FALSE,C,N,0.174,0,0,1,1,1,0.400,0.600,0.205,0.123,0.325,1,0.403,1,0.809,0,1,0.400,1.0,1,-0.5
39,EL2,3,0.0798,MEDIUM,0.239,0.160,0.2843,5,FALSE,FALSE,FALSE,TRUE,FALSE,U,U,0.114,0,0,1,1,1,0.462,0.538,0.237,0.128,0.325,1,0.403,1,0.809,0,1,0.462,1.0,1,-1.25
39,EL2,3,0.0798,MEDIUM,0.239,0.160,0.2843,6,FALSE,FALSE,FALSE,TRUE,FALSE,U,U,0.108,1,0,1,1,1,0.414,0.586,0.213,0.125,0.325,1,0.403,1,0.809,0,1,0.414,1.0,1,-1.625
39,EL2,3,0.0798,MEDIUM,0.239,0.160,0.2843,7,FALSE,FALSE,FALSE,FALSE,TRUE,U,N,0.096,0,1,1,1,0,0.576,0.576,0.295,0.170,0.325,1,0.403,1,0.809,0,1,0.576,-1.0,-1,-1.8125
39,EL2,3,0.0798,MEDIUM,0.239,0.160,0.2843,8,FALSE,FALSE,FALSE,FALSE,FALSE,U,N,0.196,0,1,0,0,1,0.396,0.604,0.203,0.080,0.325,1,0.403,1,0.809,0,0,0.000,0.5,0,-1.90625
40,EL2,1,0.0277,MEDIUM,0.028,0.028,0.3929,1,FALSE,TRUE,TRUE,FALSE,FALSE,N,N,0.110,0,1,0,0,1,0.409,0.591,0.206,0.084,0.575,1,0.809,0,0.809,0,0,0.000,0.5,0,0
40,EL2,1,0.0277,MEDIUM,0.028,0.028,0.3929,2,FALSE,TRUE,TRUE,FALSE,FALSE,N,N,0.106,0,1,0,0,1,0.420,0.580,0.212,0.089,0.575,1,0.809,0,0.809,0,0,0.000,0.5,0,0
40,EL2,1,0.0277,MEDIUM,0.028,0.028,0.3929,3,FALSE,TRUE,FALSE,FALSE,TRUE,N,N,0.095,0,0,0,0,0,0.511,0.511,0.258,0.126,0.575,1,0.809,0,0.809,0,0,0.000,-0.5,0,0
40,EL2,1,0.0277,MEDIUM,0.028,0.028,0.3929,4,FALSE,TRUE,FALSE,FALSE,FALSE,N,N,0.174,1,1,0,0,1,0.398,0.602,0.201,0.080,0.575,1,0.809,0,0.809,0,0,0.000,0.5,0,0
40,EL2,1,0.0277,MEDIUM,0.028,0.028,0.3929,5,FALSE,FALSE,FALSE,TRUE,FALSE,N,N,0.114,0,1,0,0,1,0.452,0.548,0.228,0.103,0.575,1,0.809,0,0.809,0,0,0.000,0.5,0,0
40,EL2,1,0.0277,MEDIUM,0.028,0.028,0.3929,6,FALSE,FALSE,FALSE,TRUE,FALSE,N,N,0.108,1,1,0,0,1,0.406,0.594,0.205,0.083,0.575,1,0.809,0,0.809,0,0,0.000,0.5,0,0
40,EL2,1,0.0277,MEDIUM,0.028,0.028,0.3929,7,FALSE,FALSE,FALSE,FALSE,TRUE,N,N,0.096,1,0,0,0,0,0.559,0.559,0.282,0.124,0.575,1,0.809,0,0.809,0,0,0.000,-0.5,0,0
40,EL2,1,0.0277,MEDIUM,0.028,0.028,0.3929,8,FALSE,FALSE,FALSE,FALSE,FALSE,N,N,0.196,1,1,0,0,1,0.394,0.606,0.199,0.078,0.575,1,0.809,0,0.809,0,0,0.000,0.5,0,0
41,EL2,3,0.2054,HIGH,0.616,0.616,0.4223,1,FALSE,TRUE,TRUE,FALSE,FALSE,C,C,0.110,0,0,1,0,0,0.444,0.556,0.237,0.132,0.423,1,0.502,1,0.698,1,0,0.444,-2.0,-2,0
41,EL2,3,0.2054,HIGH,0.616,0.616,0.4223,2,FALSE,TRUE,TRUE,FALSE,FALSE,C,C,0.106,1,1,0,0,1,0.467,0.533,0.250,0.117,0.423,1,0.502,1,0.698,1,0,0.000,0.5,0,1
41,EL2,3,0.2054,HIGH,0.616,0.616,0.4223,3,FALSE,TRUE,FALSE,FALSE,TRUE,C,N,0.095,1,0,0,0,0,0.594,0.594,0.317,0.129,0.423,1,0.502,1,0.698,1,0,0.000,-0.5,0,0.5
41,EL2,3,0.2054,HIGH,0.616,0.616,0.4223,4,FALSE,TRUE,FALSE,FALSE,FALSE,C,N,0.174,0,1,0,0,1,0.406,0.594,0.217,0.088,0.423,1,0.502,1,0.698,1,0,0.000,0.5,0,0.25
41,EL2,3,0.2054,HIGH,0.616,0.411,0.4223,5,FALSE,FALSE,FALSE,TRUE,FALSE,U,U,0.114,1,1,0,0,1,0.491,0.509,0.262,0.129,0.423,1,0.502,1,0.698,1,0,0.000,0.5,0,0.125
41,EL2,3,0.2054,HIGH,0.616,0.411,0.4223,6,FALSE,FALSE,FALSE,TRUE,FALSE,U,U,0.108,1,1,0,0,1,0.444,0.556,0.237,0.105,0.423,1,0.502,1,0.698,1,0,0.000,0.5,0,0.0625
41,EL2,3,0.2054,HIGH,0.616,0.411,0.4223,7,FALSE,FALSE,FALSE,FALSE,TRUE,U,N,0.096,0,0,0,0,0,0.619,0.619,0.331,0.126,0.423,1,0.502,1,0.698,1,0,0.000,-0.5,0,0.03125
41,EL2,3,0.2054,HIGH,0.616,0.411,0.4223,8,FALSE,FALSE,FALSE,FALSE,FALSE,U,N,0.196,0,0,1,1,1,0.400,0.600,0.213,0.128,0.423,1,0.502,1,0.698,1,0,0.400,1.0,1,0.015625
43,EL2,1,0.0496,MEDIUM,0.050,0.050,0.2237,1,FALSE,TRUE,TRUE,FALSE,FALSE,N,N,0.110,0,1,0,0,1,0.412,0.588,0.209,0.086,0.311,1,0.528,1,0.635,1,0,0.000,0.5,0,0
43,EL2,1,0.0496,MEDIUM,0.050,0.050,0.2237,2,FALSE,TRUE,TRUE,FALSE,FALSE,N,N,0.106,1,0,1,1,1,0.425,0.575,0.216,0.124,0.311,1,0.528,1,0.635,1,0,0.425,1.0,1,0
43,EL2,1,0.0496,MEDIUM,0.050,0.050,0.2237,3,FALSE,TRUE,FALSE,FALSE,TRUE,N,N,0.095,0,0,0,0,0,0.520,0.520,0.264,0.127,0.311,1,0.528,1,0.635,1,0,0.000,-0.5,0,-1
43,EL2,1,0.0496,MEDIUM,0.050,0.050,0.2237,4,FALSE,TRUE,FALSE,FALSE,FALSE,N,N,0.174,0,0,1,0,0,0.399,0.601,0.203,0.122,0.311,1,0.528,1,0.635,1,0,0.399,-2.0,-2,-0.5
43,EL2,1,0.0496,MEDIUM,0.050,0.050,0.2237,5,FALSE,FALSE,FALSE,TRUE,FALSE,N,N,0.114,0,1,0,0,1,0.456,0.544,0.232,0.106,0.311,1,0.528,1,0.635,1,0,0.000,0.5,0,0.75
43,EL2,1,0.0496,MEDIUM,0.050,0.050,0.2237,6,FALSE,FALSE,FALSE,TRUE,FALSE,N,N,0.108,1,1,0,0,1,0.409,0.591,0.208,0.085,0.311,1,0.528,1,0.635,1,0,0.000,0.5,0,0.375
43,EL2,1,0.0496,MEDIUM,0.050,0.050,0.2237,7,FALSE,FALSE,FALSE,FALSE,TRUE,N,N,0.096,1,0,0,0,0,0.566,0.566,0.288,0.125,0.311,1,0.528,1,0.635,1,0,0.000,-0.5,0,0.1875
43,EL2,1,0.0496,MEDIUM,0.050,0.050,0.2237,8,FALSE,FALSE,FALSE,FALSE,FALSE,N,N,0.196,0,1,0,0,1,0.395,0.605,0.201,0.079,0.311,1,0.528,1,0.635,1,0,0.000,0.5,0,0.09375
45,EL2,3,0.0908,MEDIUM,0.273,0.273,0.4684,1,FALSE,TRUE,TRUE,FALSE,FALSE,C,C,0.110,1,1,0,0,1,0.419,0.581,0.216,0.090,0.589,1,0.708,1,0.809,0,0,0.000,0.5,0,0
45,EL2,3,0.0908,MEDIUM,0.273,0.273,0.4684,2,FALSE,TRUE,TRUE,FALSE,FALSE,C,C,0.106,0,1,0,0,1,0.434,0.566,0.223,0.097,0.589,1,0.708,1,0.809,0,0,0.000,0.5,0,0
45,EL2,3,0.0908,MEDIUM,0.273,0.273,0.4684,3,FALSE,TRUE,FALSE,FALSE,TRUE,C,N,0.095,1,0,0,0,0,0.538,0.538,0.277,0.128,0.589,1,0.708,1,0.809,0,0,0.000,-0.5,0,0
45,EL2,3,0.0908,MEDIUM,0.273,0.273,0.4684,4,FALSE,TRUE,FALSE,FALSE,FALSE,C,N,0.174,1,1,0,0,1,0.401,0.599,0.206,0.083,0.589,1,0.708,1,0.809,0,0,0.000,0.5,0,0
45,EL2,3,0.0908,MEDIUM,0.273,0.182,0.4684,5,FALSE,FALSE,FALSE,TRUE,FALSE,U,U,0.114,1,1,0,0,1,0.464,0.536,0.239,0.111,0.589,1,0.708,1,0.809,0,0,0.000,0.5,0,0
45,EL2,3,0.0908,MEDIUM,0.273,0.182,0.4684,6,FALSE,FALSE,FALSE,TRUE,FALSE,U,U,0.108,0,1,0,0,1,0.416,0.584,0.214,0.089,0.589,1,0.708,1,0.809,0,0,0.000,0.5,0,0
45,EL2,3,0.0908,MEDIUM,0.273,0.182,0.4684,7,FALSE,FALSE,FALSE,FALSE,TRUE,U,N,0.096,1,1,1,1,0,0.579,0.579,0.298,0.173,0.589,1,0.708,1,0.809,0,1,0.579,-1.0,-1,0
45,EL2,3,0.0908,MEDIUM,0.273,0.182,0.4684,8,FALSE,FALSE,FALSE,FALSE,FALSE,U,N,0.196,0,0,1,1,1,0.396,0.604,0.204,0.123,0.589,1,0.708,1,0.809,0,1,0.396,1.0,1,-1
46,EL2,3,0.2683,HIGH,0.805,0.805,0.7815,1,FALSE,TRUE,TRUE,FALSE,FALSE,C,C,0.110,1,1,0,0,1,0.463,0.537,0.252,0.117,0.809,0,1.000,0,0.809,1,0,0.000,0.5,0,0
46,EL2,3,0.2683,HIGH,0.805,0.805,0.7815,2,FALSE,TRUE,TRUE,FALSE,FALSE,C,C,0.106,1,1,0,0,1,0.492,0.508,0.268,0.132,0.809,0,1.000,0,0.809,1,0,0.000,0.5,0,0
46,EL2,3,0.2683,HIGH,0.805,0.805,0.7815,3,FALSE,TRUE,FALSE,FALSE,TRUE,C,N,0.095,0,1,1,1,0,0.628,0.628,0.342,0.215,0.809,0,1.000,0,0.809,1,1,0.628,-1.0,-1,0
46,EL2,3,0.2683,HIGH,0.805,0.805,0.7815,4,FALSE,TRUE,FALSE,FALSE,FALSE,C,N,0.174,1,1,0,0,1,0.409,0.591,0.223,0.091,0.809,0,1.000,0,0.809,1,0,0.000,0.5,0,-1
46,EL2,3,0.2683,HIGH,0.805,0.537,0.7815,5,FALSE,FALSE,FALSE,TRUE,FALSE,U,U,0.114,1,1,0,0,1,0.508,0.492,0.277,0.140,0.809,0,1.000,0,0.809,1,0,0.000,0.5,0,-0.5
46,EL2,3,0.2683,HIGH,0.805,0.537,0.7815,6,FALSE,FALSE,FALSE,TRUE,FALSE,U,U,0.108,1,1,0,0,1,0.464,0.536,0.253,0.117,0.809,0,1.000,0,0.809,1,0,0.000,0.5,0,-0.25
46,EL2,3,0.2683,HIGH,0.805,0.537,0.7815,7,FALSE,FALSE,FALSE,FALSE,TRUE,U,N,0.096,0,1,1,1,0,0.642,0.642,0.350,0.225,0.809,0,1.000,0,0.809,1,1,0.642,-1.0,-1,-0.125
46,EL2,3,0.2683,HIGH,0.805,0.537,0.7815,8,FALSE,FALSE,FALSE,FALSE,FALSE,U,N,0.196,1,1,0,0,1,0.402,0.598,0.219,0.088,0.809,0,1.000,0,0.809,1,0,0.000,0.5,0,-1.0625
49,EL2,3,-0.0272,LOW,-0.082,-0.082,0.3920,1,FALSE,TRUE,TRUE,FALSE,FALSE,C,C,0.110,0,0,1,1,1,0.402,0.598,0.199,0.119,0.406,1,0.580,1,0.796,0,1,0.402,1.0,1,0
49,EL2,3,-0.0272,LOW,-0.082,-0.082,0.3920,2,FALSE,TRUE,TRUE,FALSE,FALSE,C,C,0.106,0,0,1,1,1,0.411,0.589,0.204,0.120,0.406,1,0.580,1,0.796,0,1,0.411,1.0,1,-1
49,EL2,3,-0.0272,LOW,-0.082,-0.082,0.3920,3,FALSE,TRUE,FALSE,FALSE,TRUE,C,N,0.095,0,0,0,0,0,0.491,0.491,0.243,0.124,0.406,1,0.580,1,0.796,0,0,0.000,-0.5,0,-1.5
49,EL2,3,-0.0272,LOW,-0.082,-0.082,0.3920,4,FALSE,TRUE,FALSE,FALSE,FALSE,C,N,0.174,0,1,0,0,1,0.396,0.604,0.196,0.078,0.406,1,0.580,1,0.796,0,0,0.000,0.5,0,-0.75
49,EL2,3,-0.0272,LOW,-0.082,-0.054,0.3920,5,FALSE,FALSE,FALSE,TRUE,FALSE,U,U,0.114,1,1,0,0,1,0.442,0.558,0.219,0.097,0.406,1,0.580,1,0.796,0,0,0.000,0.5,0,-0.375
49,EL2,3,-0.0272,LOW,-0.082,-0.054,0.3920,6,FALSE,FALSE,FALSE,TRUE,FALSE,U,U,0.108,0,0,1,0,0,0.399,0.601,0.198,0.119,0.406,1,0.580,1,0.796,0,0,0.399,-2.0,-2,-0.1875
49,EL2,3,-0.0272,LOW,-0.082,-0.054,0.3920,7,FALSE,FALSE,FALSE,FALSE,TRUE,U,N,0.096,1,1,1,0,1,0.542,0.542,0.269,0.146,0.406,1,0.580,1,0.796,0,0,0.542,2.0,2,0.90625
49,EL2,3,-0.0272,LOW,-0.082,-0.054,0.3920,8,FALSE,FALSE,FALSE,FALSE,FALSE,U,N,0.196,1,1,0,0,1,0.393,0.607,0.195,0.076,0.406,1,0.580,1,0.796,0,0,0.000,0.5,0,1.453125
51,EL2,1,-0.1002,LOW,-0.100,-0.100,0.1203,1,FALSE,TRUE,TRUE,FALSE,FALSE,N,N,0.110,1,1,0,0,1,0.395,0.605,0.191,0.075,0.224,1,0.516,1,0.809,0,0,0.000,0.5,0,0
51,EL2,1,-0.1002,LOW,-0.100,-0.100,0.1203,2,FALSE,TRUE,TRUE,FALSE,FALSE,N,N,0.106,0,0,1,1,1,0.401,0.599,0.194,0.116,0.224,1,0.516,1,0.809,0,1,0.401,1.0,1,0
51,EL2,1,-0.1002,LOW,-0.100,-0.100,0.1203,3,FALSE,TRUE,FALSE,FALSE,TRUE,N,N,0.095,0,0,0,0,0,0.468,0.468,0.226,0.120,0.224,1,0.516,1,0.809,0,0,0.000,-0.5,0,-1
51,EL2,1,-0.1002,LOW,-0.100,-0.100,0.1203,4,FALSE,TRUE,FALSE,FALSE,FALSE,N,N,0.174,0,0,1,1,1,0.394,0.606,0.190,0.115,0.224,1,0.516,1,0.809,0,1,0.394,1.0,1,-0.5
51,EL2,1,-0.1002,LOW,-0.100,-0.100,0.1203,5,FALSE,FALSE,FALSE,TRUE,FALSE,N,N,0.114,1,1,0,0,1,0.431,0.569,0.208,0.090,0.224,1,0.516,1,0.809,0,0,0.000,0.5,0,-1.25
51,EL2,1,-0.1002,LOW,-0.100,-0.100,0.1203,6,FALSE,FALSE,FALSE,TRUE,FALSE,N,N,0.108,0,0,1,1,1,0.392,0.608,0.190,0.115,0.224,1,0.516,1,0.809,0,1,0.392,1.0,1,-0.625
51,EL2,1,-0.1002,LOW,-0.100,-0.100,0.1203,7,FALSE,FALSE,FALSE,FALSE,TRUE,N,N,0.096,0,1,1,1,0,0.521,0.521,0.252,0.131,0.224,1,0.516,1,0.809,0,1,0.521,-1.0,-1,-1.3125
51,EL2,1,-0.1002,LOW,-0.100,-0.100,0.1203,8,FALSE,FALSE,FALSE,FALSE,FALSE,N,N,0.196,0,1,0,0,1,0.391,0.609,0.189,0.074,0.224,1,0.516,1,0.809,0,0,0.000,0.5,0,-1.65625